condition,algorithm,ae,wur,coverage,cf_transitions
clean,immediate,0.16927190943763643,0.006512937275035846,0.6666666666666666,0.0
clean,pe_seq,0.38805635661312476,0.44711528635461273,1.0,0.0
clean,cf_only,0.0,0.17636754044635508,1.0,387.47777777777776
clean,full_rfl,0.1857013554874787,0.32087465504084695,1.0,88.78888888888889
clean,oracle_upper,0.0,0.17636754044635508,1.0,0.0
symmetric,immediate,0.49633961038023133,0.341113924023152,0.6111111111111112,0.0
symmetric,pe_seq,0.46910252763195365,0.5104799484922383,1.0,0.0
symmetric,cf_only,0.0,0.17636754044635508,1.0,387.47777777777776
symmetric,full_rfl,0.18824663856145396,0.3126417840522384,1.0,89.0111111111111
symmetric,oracle_upper,0.0,0.17636754044635508,1.0,0.0
clean,immediate,0.17072118699165564,0.008605297980598042,0.6666666666666666,0.0
clean,pe_seq,0.3893955665811693,0.4502526275932116,1.0,0.0
clean,cf_only,0.0,0.178420959834359,1.0,387.3222222222222
clean,full_rfl,0.18605391963579818,0.32633178439003346,1.0,91.64444444444445
clean,oracle_upper,0.0,0.178420959834359,1.0,0.0
symmetric,immediate,0.5109533495095413,0.40381729792028576,0.6222222222222222,0.0
symmetric,pe_seq,0.4704654987524927,0.5155607743045661,1.0,0.0
symmetric,cf_only,0.0,0.178420959834359,1.0,387.3222222222222
symmetric,full_rfl,0.19267973316808013,0.3193950079848701,1.0,92.84444444444445
symmetric,oracle_upper,0.0,0.178420959834359,1.0,0.0
clean,immediate,0.16945219482585852,0.006703544764040387,0.6666666666666666,0.0
clean,pe_seq,0.3889085433097673,0.44769755493922203,1.0,0.0
clean,cf_only,0.0,0.17620670778268765,1.0,388.5111111111111
clean,full_rfl,0.18670514870159458,0.3288846838055684,1.0,94.11111111111111
clean,oracle_upper,0.0,0.17620670778268765,1.0,0.0
symmetric,immediate,0.47836581686832963,0.36748981693943555,0.6555555555555556,0.0
symmetric,pe_seq,0.4633076576669046,0.4938774577964699,1.0,0.0
symmetric,cf_only,0.0,0.17620670778268765,1.0,388.5111111111111
symmetric,full_rfl,0.2026662037096523,0.33049961421856,1.0,95.52222222222223
symmetric,oracle_upper,0.0,0.17620670778268765,1.0,0.0
clean,immediate,0.16924406716294474,0.006389618237531675,0.6666666666666666,0.0
clean,pe_seq,0.389269851818945,0.4477131565136123,1.0,0.0
clean,cf_only,0.0,0.1759378402339694,1.0,387.81111111111113
clean,full_rfl,0.1859265251125109,0.32480459257750327,1.0,91.47777777777777
clean,oracle_upper,0.0,0.1759378402339694,1.0,0.0
symmetric,immediate,0.5567062237764593,0.46093853529596435,0.6555555555555556,0.0
symmetric,pe_seq,0.46300047123750876,0.5015499861124655,1.0,0.0
symmetric,cf_only,0.0,0.1759378402339694,1.0,387.81111111111113
symmetric,full_rfl,0.19695525129556143,0.3188136972306663,1.0,88.45555555555555
symmetric,oracle_upper,0.0,0.1759378402339694,1.0,0.0
clean,immediate,0.16851947035953938,0.005303590548492681,0.6666666666666666,0.0
clean,pe_seq,0.3915003955721736,0.4491539419160706,1.0,0.0
clean,cf_only,0.0,0.17426057104945453,1.0,386.53333333333336
clean,full_rfl,0.18719188827313143,0.32600186933800246,1.0,93.41111111111111
clean,oracle_upper,0.0,0.17426057104945453,1.0,0.0
symmetric,immediate,0.5831108368595183,0.46401590718578406,0.5888888888888889,0.0
symmetric,pe_seq,0.47548964832415563,0.5168125060698071,1.0,0.0
symmetric,cf_only,0.0,0.17426057104945453,1.0,386.53333333333336
symmetric,full_rfl,0.2026618402494809,0.3259994454920857,1.0,88.34444444444445
symmetric,oracle_upper,0.0,0.17426057104945453,1.0,0.0
clean,immediate,0.1696127223861308,0.006944336104448767,0.6666666666666666,0.0
clean,pe_seq,0.39071129587041487,0.44977669442927976,1.0,0.0
clean,cf_only,0.0,0.17630526034292,1.0,387.7111111111111
clean,full_rfl,0.18637461005468725,0.3289332253105172,1.0,94.75555555555556
clean,oracle_upper,0.0,0.17630526034292,1.0,0.0
symmetric,immediate,0.4068770824068849,0.28257365045970856,0.6777777777777778,0.0
symmetric,pe_seq,0.4627512660055192,0.5018843383128052,1.0,0.0
symmetric,cf_only,0.0,0.17630526034292,1.0,387.7111111111111
symmetric,full_rfl,0.2012598684413229,0.331729245972951,1.0,97.4
symmetric,oracle_upper,0.0,0.17630526034292,1.0,0.0
clean,immediate,0.16887903160129908,0.005843799927201204,0.6666666666666666,0.0
clean,pe_seq,0.3889376304154825,0.44747042162065814,1.0,0.0
clean,cf_only,0.0,0.17521288855019393,1.0,388.24444444444447
clean,full_rfl,0.18696418668291379,0.32797285321706005,1.0,94.58888888888889
clean,oracle_upper,0.0,0.17521288855019393,1.0,0.0
symmetric,immediate,0.5166460460913831,0.38967177504443984,0.6444444444444445,0.0
symmetric,pe_seq,0.44722910664143406,0.49540905931734225,1.0,0.0
symmetric,cf_only,0.0,0.17521288855019393,1.0,388.24444444444447
symmetric,full_rfl,0.19604219494758077,0.32370558800095345,1.0,92.28888888888889
symmetric,oracle_upper,0.0,0.17521288855019393,1.0,0.0
clean,immediate,0.16953748015036574,0.006829737718663203,0.6666666666666666,0.0
clean,pe_seq,0.38889136975499555,0.4479041916932406,1.0,0.0
clean,cf_only,0.0,0.17646500852990918,1.0,387.65555555555557
clean,full_rfl,0.18657216736122045,0.32507244458038725,1.0,91.47777777777777
clean,oracle_upper,0.0,0.17646500852990918,1.0,0.0
symmetric,immediate,0.3847634815851421,0.2987813694334506,0.7333333333333333,0.0
symmetric,pe_seq,0.4553469003781513,0.4980308238456491,1.0,0.0
symmetric,cf_only,0.0,0.17646500852990918,1.0,387.65555555555557
symmetric,full_rfl,0.19327706725666954,0.31964929797879227,1.0,87.73333333333333
symmetric,oracle_upper,0.0,0.17646500852990918,1.0,0.0
clean,immediate,0.16943377459860842,0.006756602532562872,0.6666666666666666,0.0
clean,pe_seq,0.3904972839216546,0.4492148517638212,1.0,0.0
clean,cf_only,0.0,0.17635079899053896,1.0,386.84444444444443
clean,full_rfl,0.18565500110064118,0.3228717394401266,1.0,90.77777777777777
clean,oracle_upper,0.0,0.17635079899053896,1.0,0.0
symmetric,immediate,0.5329820905322328,0.42013346477655206,0.6111111111111112,0.0
symmetric,pe_seq,0.45616045322870635,0.4989614083911328,1.0,0.0
symmetric,cf_only,0.0,0.17635079899053896,1.0,386.84444444444443
symmetric,full_rfl,0.19869622477045498,0.32346427862216165,1.0,90.52222222222223
symmetric,oracle_upper,0.0,0.17635079899053896,1.0,0.0
clean,immediate,0.1690666378887299,0.00620763249988307,0.6666666666666666,0.0
clean,pe_seq,0.3890452008683306,0.4473489287390071,1.0,0.0
clean,cf_only,0.0,0.17575394753758364,1.0,388.3666666666667
clean,full_rfl,0.18621671406305546,0.3266069702074639,1.0,92.76666666666667
clean,oracle_upper,0.0,0.17575394753758364,1.0,0.0
symmetric,immediate,0.5613139897132111,0.4666101682216646,0.6222222222222222,0.0
symmetric,pe_seq,0.4811079573301731,0.5262572182988084,1.0,0.0
symmetric,cf_only,0.0,0.17575394753758364,1.0,388.3666666666667
symmetric,full_rfl,0.1981398650412665,0.3249576534821857,1.0,92.67777777777778
symmetric,oracle_upper,0.0,0.17575394753758364,1.0,0.0
clean,immediate,0.1706378176118942,0.008481978943093871,0.6666666666666666,0.0
clean,pe_seq,0.38986459706546933,0.45074740675003067,1.0,0.0
clean,cf_only,0.0,0.17804678672704305,1.0,387.74444444444447
clean,full_rfl,0.18624464768727358,0.3302101607811742,1.0,94.33333333333333
clean,oracle_upper,0.0,0.17804678672704305,1.0,0.0
symmetric,immediate,0.36374578686270514,0.22356525796564494,0.6888888888888889,0.0
symmetric,pe_seq,0.4593896164573906,0.4959003959395594,1.0,0.0
symmetric,cf_only,0.0,0.17804678672704305,1.0,387.74444444444447
symmetric,full_rfl,0.19965276120166425,0.3283784374360914,1.0,91.88888888888889
symmetric,oracle_upper,0.0,0.17804678672704305,1.0,0.0
clean,immediate,0.17039516996169607,0.008118007467796663,0.6666666666666666,0.0
clean,pe_seq,0.39085433090681276,0.4510016880369876,1.0,0.0
clean,cf_only,0.0,0.17756679043603998,1.0,387.5
clean,full_rfl,0.1864823192575553,0.33013074167841,1.0,94.33333333333333
clean,oracle_upper,0.0,0.17756679043603998,1.0,0.0
symmetric,immediate,0.4963329964863795,0.3688437818026223,0.6555555555555556,0.0
symmetric,pe_seq,0.4582603234847924,0.5008570276201871,1.0,0.0
symmetric,cf_only,0.0,0.17756679043603998,1.0,387.5
symmetric,full_rfl,0.20104438933921626,0.3242829349636623,1.0,88.71111111111111
symmetric,oracle_upper,0.0,0.17756679043603998,1.0,0.0
clean,immediate,0.1688235044962293,0.005843799927201204,0.6666666666666666,0.0
clean,pe_seq,0.38944364855238106,0.44781776909777654,1.0,0.0
clean,cf_only,0.0,0.1752684156552637,1.0,388.24444444444447
clean,full_rfl,0.1869341268053015,0.3281501819287753,1.0,94.58888888888889
clean,oracle_upper,0.0,0.1752684156552637,1.0,0.0
symmetric,immediate,0.4728702543073431,0.4037899443975975,0.7333333333333333,0.0
symmetric,pe_seq,0.4588540474298389,0.5004647194727124,1.0,0.0
symmetric,cf_only,0.0,0.1752684156552637,1.0,388.24444444444447
symmetric,full_rfl,0.19671567340342974,0.3262253568116899,1.0,95.15555555555555
symmetric,oracle_upper,0.0,0.1752684156552637,1.0,0.0
clean,immediate,0.16936730693278956,0.006574477892298924,0.6666666666666666,0.0
clean,pe_seq,0.38887750652014896,0.44791566409327227,1.0,0.0
clean,cf_only,0.0,0.17606196601937654,1.0,387.5
clean,full_rfl,0.18584868344491556,0.3247521045391226,1.0,91.53333333333333
clean,oracle_upper,0.0,0.17606196601937654,1.0,0.0
symmetric,immediate,0.4507097240623591,0.34147891006535025,0.6888888888888889,0.0
symmetric,pe_seq,0.4504956997915619,0.4878107999409573,1.0,0.0
symmetric,cf_only,0.0,0.17606196601937654,1.0,387.5
symmetric,full_rfl,0.19957037345726467,0.32482357288451075,1.0,93.68888888888888
symmetric,oracle_upper,0.0,0.17606196601937654,1.0,0.0
clean,immediate,0.16984486043424477,0.00737583383422436,0.6666666666666666,0.0
clean,pe_seq,0.3882900848754914,0.44843221240648373,1.0,0.0
clean,cf_only,0.0,0.1772355728242127,1.0,388.74444444444447
clean,full_rfl,0.18685149182691635,0.3291413656761856,1.0,94.58888888888889
clean,oracle_upper,0.0,0.1772355728242127,1.0,0.0
symmetric,immediate,0.4357544239224775,0.29355614585939904,0.6555555555555556,0.0
symmetric,pe_seq,0.45300288105205294,0.5020767680454755,1.0,0.0
symmetric,cf_only,0.0,0.1772355728242127,1.0,388.74444444444447
symmetric,full_rfl,0.19955820009154365,0.32690741428991693,1.0,94.5111111111111
symmetric,oracle_upper,0.0,0.1772355728242127,1.0,0.0
clean,immediate,0.17043894246572544,0.008182798707771744,0.6666666666666666,0.0
clean,pe_seq,0.3891862708411673,0.4498653646324536,1.0,0.0
clean,cf_only,0.0,0.17807075960194538,1.0,387.74444444444447
clean,full_rfl,0.1871462642513251,0.3278780460038881,1.0,93.35555555555555
clean,oracle_upper,0.0,0.17807075960194538,1.0,0.0
symmetric,immediate,0.3852508196655282,0.27329746402329164,0.7222222222222222,0.0
symmetric,pe_seq,0.4678570535534859,0.5081822963396676,1.0,0.0
symmetric,cf_only,0.0,0.17807075960194538,1.0,387.74444444444447
symmetric,full_rfl,0.19576485206610322,0.3231418868342932,1.0,89.03333333333333
symmetric,oracle_upper,0.0,0.17807075960194538,1.0,0.0
clean,immediate,0.17064031190068596,0.008484852860212517,0.6666666666666666,0.0
clean,pe_seq,0.3915136279539943,0.4517663721917585,1.0,0.0
clean,cf_only,0.0,0.17793033602290265,1.0,386.73333333333335
clean,full_rfl,0.18606492089341534,0.328310651959579,1.0,93.1
clean,oracle_upper,0.0,0.17793033602290265,1.0,0.0
symmetric,immediate,0.4668660817339344,0.35596494197750894,0.6444444444444445,0.0
symmetric,pe_seq,0.4525136549219943,0.4928162827252888,1.0,0.0
symmetric,cf_only,0.0,0.17793033602290265,1.0,386.73333333333335
symmetric,full_rfl,0.19163446108451376,0.3240572961247176,1.0,90.84444444444445
symmetric,oracle_upper,0.0,0.17793033602290265,1.0,0.0
clean,immediate,0.16875819351850246,0.005661675286937257,0.6666666666666666,0.0
clean,pe_seq,0.38926253428920593,0.44716363605262277,1.0,0.0
clean,cf_only,0.0,0.17497842599600924,1.0,388.0
clean,full_rfl,0.18664702008669445,0.3263075054761824,1.0,92.76666666666667
clean,oracle_upper,0.0,0.17497842599600924,1.0,0.0
symmetric,immediate,0.5332570817775688,0.4245338852063025,0.6444444444444445,0.0
symmetric,pe_seq,0.45872239655612307,0.4989046874922249,1.0,0.0
symmetric,cf_only,0.0,0.17497842599600924,1.0,388.0
symmetric,full_rfl,0.19903836541794567,0.326778687011239,1.0,93.06666666666666
symmetric,oracle_upper,0.0,0.17497842599600924,1.0,0.0
clean,immediate,0.17033456596817856,0.008109524619056068,0.6666666666666666,0.0
clean,pe_seq,0.38971275345846335,0.44998099543015047,1.0,0.0
clean,cf_only,0.0,0.17796324234198407,1.0,387.8888888888889
clean,full_rfl,0.18628421797741324,0.3277063742305417,1.0,93.41111111111111
clean,oracle_upper,0.0,0.17796324234198407,1.0,0.0
symmetric,immediate,0.523266110597262,0.44688330083305255,0.6888888888888889,0.0
symmetric,pe_seq,0.4565624332142147,0.503304230344094,1.0,0.0
symmetric,cf_only,0.0,0.17796324234198407,1.0,387.8888888888889
symmetric,full_rfl,0.19797364532030437,0.3238317088058173,1.0,90.0111111111111
symmetric,oracle_upper,0.0,0.17796324234198407,1.0,0.0
clean,immediate,0.169448362936367,0.006697796929803096,0.6666666666666666,0.0
clean,pe_seq,0.38705165758640653,0.44661019639532695,1.0,0.0
clean,cf_only,0.0,0.17643845250287646,1.0,389.35555555555555
clean,full_rfl,0.18662488987366252,0.3288028002998052,1.0,94.0
clean,oracle_upper,0.0,0.17643845250287646,1.0,0.0
symmetric,immediate,0.39613005289960546,0.28651161651204965,0.6888888888888889,0.0
symmetric,pe_seq,0.45281224919232255,0.49764260745558225,1.0,0.0
symmetric,cf_only,0.0,0.17643845250287646,1.0,389.35555555555555
symmetric,full_rfl,0.1949706336407042,0.32665688589732406,1.0,93.57777777777778
symmetric,oracle_upper,0.0,0.17643845250287646,1.0,0.0
clean,immediate,0.1687480354507276,0.00564730570134403,0.6666666666666666,0.0
clean,pe_seq,0.38572875462979983,0.4442660590354388,1.0,0.0
clean,cf_only,0.0,0.17555836614052722,1.0,390.6111111111111
clean,full_rfl,0.18661254244629155,0.32816063227845893,1.0,93.77777777777777
clean,oracle_upper,0.0,0.17555836614052722,1.0,0.0
symmetric,immediate,0.4512064053153602,0.3624130478787658,0.7111111111111111,0.0
symmetric,pe_seq,0.4551626827207929,0.5019791237640282,1.0,0.0
symmetric,cf_only,0.0,0.17555836614052722,1.0,390.6111111111111
symmetric,full_rfl,0.19231125170011507,0.3210972070737871,1.0,96.86666666666666
symmetric,oracle_upper,0.0,0.17555836614052722,1.0,0.0
clean,immediate,0.16992548438815222,0.007495902249016528,0.6666666666666666,0.0
clean,pe_seq,0.3908678051288533,0.4506080169297538,1.0,0.0
clean,cf_only,0.0,0.1768545727556224,1.0,387.02222222222224
clean,full_rfl,0.18563844269650778,0.32758910919024253,1.0,93.04444444444445
clean,oracle_upper,0.0,0.1768545727556224,1.0,0.0
symmetric,immediate,0.5344357585998236,0.4345884511400339,0.6444444444444445,0.0
symmetric,pe_seq,0.47390781879802374,0.5112480268102394,1.0,0.0
symmetric,cf_only,0.0,0.1768545727556224,1.0,387.02222222222224
symmetric,full_rfl,0.19791144233441485,0.3255452845892521,1.0,93.77777777777777
symmetric,oracle_upper,0.0,0.1768545727556224,1.0,0.0
clean,immediate,0.16965573134262707,0.0070088495391931625,0.6666666666666666,0.0
clean,pe_seq,0.3877202397677656,0.446965553636059,1.0,0.0
clean,cf_only,0.0,0.17682203572359712,1.0,389.3
clean,full_rfl,0.18688567612585352,0.32910578055326417,1.0,94.0
clean,oracle_upper,0.0,0.17682203572359712,1.0,0.0
symmetric,immediate,0.5058855472584436,0.39702998867140404,0.6333333333333333,0.0
symmetric,pe_seq,0.45295196310139024,0.493701269240788,1.0,0.0
symmetric,cf_only,0.0,0.17682203572359712,1.0,389.3
symmetric,full_rfl,0.2017743093912302,0.3319503853667593,1.0,100.16666666666667
symmetric,oracle_upper,0.0,0.17682203572359712,1.0,0.0
clean,immediate,0.16920763123091465,0.006336699371624533,0.6666666666666666,0.0
clean,pe_seq,0.38843182391555664,0.4471476018834628,1.0,0.0
clean,cf_only,0.0,0.175842583851779,1.0,388.68888888888887
clean,full_rfl,0.1869086272653223,0.3286283255029556,1.0,94.05555555555556
clean,oracle_upper,0.0,0.175842583851779,1.0,0.0
symmetric,immediate,0.5234794857703251,0.43968121677554467,0.7,0.0
symmetric,pe_seq,0.4522496990845953,0.48992047315325704,1.0,0.0
symmetric,cf_only,0.0,0.175842583851779,1.0,388.68888888888887
symmetric,full_rfl,0.20090660546362643,0.3276448938542761,1.0,93.83333333333333
symmetric,oracle_upper,0.0,0.175842583851779,1.0,0.0
clean,immediate,0.16936864453348932,0.00657735180941757,0.6666666666666666,0.0
clean,pe_seq,0.38935395354056823,0.448355928391336,1.0,0.0
clean,cf_only,0.0,0.17594667200332814,1.0,387.6777777777778
clean,full_rfl,0.18615089081402608,0.3267893709451023,1.0,92.87777777777778
clean,oracle_upper,0.0,0.17594667200332814,1.0,0.0
symmetric,immediate,0.4901584963619695,0.35466980921506724,0.6333333333333333,0.0
symmetric,pe_seq,0.46095585523308064,0.5045029766544492,1.0,0.0
symmetric,cf_only,0.0,0.17594667200332814,1.0,387.6777777777778
symmetric,full_rfl,0.19852495609132773,0.326991884813597,1.0,95.21111111111111
symmetric,oracle_upper,0.0,0.17594667200332814,1.0,0.0
clean,immediate,0.17036441249848022,0.008238452588182187,0.6666666666666666,0.0
clean,pe_seq,0.3880980231002864,0.4490156844152265,1.0,0.0
clean,cf_only,0.0,0.1781690468016818,1.0,388.5888888888889
clean,full_rfl,0.18656234857925733,0.3299557665262458,1.0,94.16666666666667
clean,oracle_upper,0.0,0.1781690468016818,1.0,0.0
symmetric,immediate,0.4237495557164414,0.32927658686050487,0.7,0.0
symmetric,pe_seq,0.4445406858587772,0.4956995390747741,1.0,0.0
symmetric,cf_only,0.0,0.1781690468016818,1.0,388.5888888888889
symmetric,full_rfl,0.19692240531597538,0.32879507309803935,1.0,94.04444444444445
symmetric,oracle_upper,0.0,0.1781690468016818,1.0,0.0
clean,immediate,0.1688814332883473,0.0058465349417045065,0.6666666666666666,0.0
clean,pe_seq,0.39037366591875605,0.44847600707983026,1.0,0.0
clean,cf_only,0.0,0.1751025517814164,1.0,387.6111111111111
clean,full_rfl,0.18661739416810075,0.32672184258440545,1.0,92.82222222222222
clean,oracle_upper,0.0,0.1751025517814164,1.0,0.0
symmetric,immediate,0.47221931017593277,0.31163030741671477,0.6111111111111112,0.0
symmetric,pe_seq,0.4514040438251688,0.49825065384401035,1.0,0.0
symmetric,cf_only,0.0,0.1751025517814164,1.0,387.6111111111111
symmetric,full_rfl,0.19604923680766767,0.3248964073896625,1.0,91.74444444444444
symmetric,oracle_upper,0.0,0.1751025517814164,1.0,0.0
clean,immediate,0.1696127223861308,0.006944336104448767,0.6666666666666666,0.0
clean,pe_seq,0.3908306444602731,0.44988259759355514,1.0,0.0
clean,cf_only,0.0,0.17630526034291996,1.0,387.7111111111111
clean,full_rfl,0.1864195818177706,0.32900185511708585,1.0,94.75555555555556
clean,oracle_upper,0.0,0.17630526034291996,1.0,0.0
symmetric,immediate,0.5060340320936051,0.37107047613589517,0.6333333333333333,0.0
symmetric,pe_seq,0.4495476314111487,0.492863199075546,1.0,0.0
symmetric,cf_only,0.0,0.17630526034291996,1.0,387.7111111111111
symmetric,full_rfl,0.20046994526721648,0.3310147529117813,1.0,95.74444444444444
symmetric,oracle_upper,0.0,0.17630526034291996,1.0,0.0
clean,immediate,0.16994007701679012,0.007434500534368793,0.6666666666666666,0.0
clean,pe_seq,0.3903961427335705,0.44999447534290543,1.0,0.0
clean,cf_only,0.0,0.17704413572519057,1.0,387.7
clean,full_rfl,0.18621990502596347,0.32733801236536086,1.0,93.41111111111111
clean,oracle_upper,0.0,0.17704413572519057,1.0,0.0
symmetric,immediate,0.5010150881279752,0.38638618956830545,0.6666666666666666,0.0
symmetric,pe_seq,0.4836025947464243,0.5140350833506037,1.0,0.0
symmetric,cf_only,0.0,0.17704413572519057,1.0,387.7
symmetric,full_rfl,0.1965672004232109,0.3197432021830986,1.0,90.7
symmetric,oracle_upper,0.0,0.17704413572519057,1.0,0.0
clean,immediate,0.16924789905243626,0.006395366071768965,0.6666666666666666,0.0
clean,pe_seq,0.3903928444896127,0.4490514979224965,1.0,0.0
clean,cf_only,0.0,0.17570609551378064,1.0,387.05555555555554
clean,full_rfl,0.18600960563438354,0.32498717350013967,1.0,91.58888888888889
clean,oracle_upper,0.0,0.17570609551378064,1.0,0.0
symmetric,immediate,0.4348353591920993,0.3444370685555027,0.7333333333333333,0.0
symmetric,pe_seq,0.4804184534361449,0.5140071397991842,1.0,0.0
symmetric,cf_only,0.0,0.17570609551378064,1.0,387.05555555555554
symmetric,full_rfl,0.20123383982545334,0.32706525421308374,1.0,89.93333333333334
symmetric,oracle_upper,0.0,0.17570609551378064,1.0,0.0
clean,immediate,0.17031161966932684,0.007991814513173845,0.6666666666666666,0.0
clean,pe_seq,0.391390543736171,0.4516928995435549,1.0,0.0
clean,cf_only,0.0,0.17730675465668047,1.0,386.6666666666667
clean,full_rfl,0.1858866267888809,0.3280098791976715,1.0,93.1
clean,oracle_upper,0.0,0.17730675465668047,1.0,0.0
symmetric,immediate,0.45697625228112393,0.3203840156426086,0.6333333333333333,0.0
symmetric,pe_seq,0.44711544360348554,0.4949796994413798,1.0,0.0
symmetric,cf_only,0.0,0.17730675465668047,1.0,386.6666666666667
symmetric,full_rfl,0.19591236861907774,0.32516541239509783,1.0,91.28888888888889
symmetric,oracle_upper,0.0,0.17730675465668047,1.0,0.0
clean,immediate,0.16944903388215657,0.006697935832418439,0.6666666666666666,0.0
clean,pe_seq,0.38866430569179244,0.44779855159637333,1.0,0.0
clean,cf_only,0.0,0.1764317602234676,1.0,388.47777777777776
clean,full_rfl,0.1866107310814304,0.3267499461800108,1.0,93.24444444444444
clean,oracle_upper,0.0,0.1764317602234676,1.0,0.0
symmetric,immediate,0.44515294198946614,0.3386840061477303,0.6777777777777778,0.0
symmetric,pe_seq,0.4640501155598851,0.5051921021394314,1.0,0.0
symmetric,cf_only,0.0,0.1764317602234676,1.0,388.47777777777776
symmetric,full_rfl,0.19753844069560691,0.32509020785044174,1.0,94.24444444444444
symmetric,oracle_upper,0.0,0.1764317602234676,1.0,0.0
clean,immediate,0.16951990749063361,0.006888404418807637,0.6666666666666666,0.0
clean,pe_seq,0.38892683165012576,0.4485566374435661,1.0,0.0
clean,cf_only,0.0,0.17638636067316457,1.0,388.2111111111111
clean,full_rfl,0.18658510792329672,0.3291068145953385,1.0,94.16666666666667
clean,oracle_upper,0.0,0.17638636067316457,1.0,0.0
symmetric,immediate,0.517425247329454,0.3831720941519614,0.6,0.0
symmetric,pe_seq,0.4717427731073394,0.5110915181654476,1.0,0.0
symmetric,cf_only,0.0,0.17638636067316457,1.0,388.2111111111111
symmetric,full_rfl,0.1976830641472733,0.32870648718102885,1.0,92.93333333333334
symmetric,oracle_upper,0.0,0.17638636067316457,1.0,0.0
clean,immediate,0.16912791282803696,0.006216254251239006,0.6666666666666666,0.0
clean,pe_seq,0.39049842295835097,0.44878898436955117,1.0,0.0
clean,cf_only,0.0,0.1753508033522307,1.0,387.0111111111111
clean,full_rfl,0.18648404175078773,0.326583252822055,1.0,92.93333333333334
clean,oracle_upper,0.0,0.1753508033522307,1.0,0.0
symmetric,immediate,0.46315818216682914,0.37524164890142675,0.7333333333333333,0.0
symmetric,pe_seq,0.45559414017350075,0.506032722251999,1.0,0.0
symmetric,cf_only,0.0,0.1753508033522307,1.0,387.0111111111111
symmetric,full_rfl,0.19983293631916632,0.32914846622748867,1.0,91.71111111111111
symmetric,oracle_upper,0.0,0.1753508033522307,1.0,0.0
clean,immediate,0.16866355528000304,0.005603008586792824,0.6666666666666666,0.0
clean,pe_seq,0.38803202911206147,0.4463548131678377,1.0,0.0
clean,cf_only,0.0,0.17516928475098537,1.0,388.4555555555556
clean,full_rfl,0.1869563362145958,0.3262818492313545,1.0,92.65555555555555
clean,oracle_upper,0.0,0.17516928475098537,1.0,0.0
symmetric,immediate,0.495472316902578,0.3434625380336747,0.5888888888888889,0.0
symmetric,pe_seq,0.45171026647643864,0.4956767672952295,1.0,0.0
symmetric,cf_only,0.0,0.17516928475098537,1.0,388.4555555555556
symmetric,full_rfl,0.2007901967151878,0.32753920698343153,1.0,93.25555555555556
symmetric,oracle_upper,0.0,0.17516928475098537,1.0,0.0
clean,immediate,0.1699432379604921,0.007440109465990741,0.6666666666666666,0.0
clean,pe_seq,0.3901205801053856,0.4499413115857378,1.0,0.0
clean,cf_only,0.0,0.17681908328441065,1.0,387.73333333333335
clean,full_rfl,0.18639660144702136,0.3295345914433846,1.0,94.27777777777777
clean,oracle_upper,0.0,0.17681908328441065,1.0,0.0
symmetric,immediate,0.4684150976512213,0.31104510148125836,0.6,0.0
symmetric,pe_seq,0.45915088826627115,0.5033567499153189,1.0,0.0
symmetric,cf_only,0.0,0.17681908328441065,1.0,387.73333333333335
symmetric,full_rfl,0.19643308146750033,0.32443221686339896,1.0,95.35555555555555
symmetric,oracle_upper,0.0,0.17681908328441065,1.0,0.0
clean,immediate,0.1698048315088427,0.007314055413983267,0.6666666666666666,0.0
clean,pe_seq,0.391946990029333,0.45167241674189224,1.0,0.0
clean,cf_only,0.0,0.17660788233071203,1.0,386.02222222222224
clean,full_rfl,0.18575911171677378,0.3254067085272813,1.0,92.28888888888889
clean,oracle_upper,0.0,0.17660788233071203,1.0,0.0
symmetric,immediate,0.533446369234459,0.45205155075925596,0.6666666666666666,0.0
symmetric,pe_seq,0.47959365057591347,0.5184915993360806,1.0,0.0
symmetric,cf_only,0.0,0.17660788233071203,1.0,386.02222222222224
symmetric,full_rfl,0.19525768513310665,0.3246225866610471,1.0,96.35555555555555
symmetric,oracle_upper,0.0,0.17660788233071203,1.0,0.0
clean,immediate,0.16936615024469756,0.006574477892298924,0.6666666666666666,0.0
clean,pe_seq,0.38894643899415626,0.44779710381176063,1.0,0.0
clean,cf_only,0.0,0.17606312270746857,1.0,388.68888888888887
clean,full_rfl,0.18630615830465516,0.3287836852581906,1.0,94.11111111111111
clean,oracle_upper,0.0,0.17606312270746857,1.0,0.0
symmetric,immediate,0.5115243663735612,0.34266260660088743,0.5888888888888889,0.0
symmetric,pe_seq,0.4627102690301688,0.5057162415643138,1.0,0.0
symmetric,cf_only,0.0,0.17606312270746857,1.0,388.68888888888887
symmetric,full_rfl,0.19725991341014387,0.323604371114067,1.0,94.17777777777778
symmetric,oracle_upper,0.0,0.17606312270746857,1.0,0.0
clean,immediate,0.16976073179782955,0.007249640879601543,0.6666666666666666,0.0
clean,pe_seq,0.389447301263556,0.4487857268690397,1.0,0.0
clean,cf_only,0.0,0.1769761153888992,1.0,388.5
clean,full_rfl,0.18652293355620944,0.3290088445531953,1.0,94.64444444444445
clean,oracle_upper,0.0,0.1769761153888992,1.0,0.0
symmetric,immediate,0.4849190613482308,0.3626089947911047,0.6666666666666666,0.0
symmetric,pe_seq,0.47023580449617214,0.5011448968174372,1.0,0.0
symmetric,cf_only,0.0,0.1769761153888992,1.0,388.5
symmetric,full_rfl,0.20030992403976453,0.33401774909508375,1.0,98.45555555555555
symmetric,oracle_upper,0.0,0.1769761153888992,1.0,0.0
clean,immediate,0.16945037148285633,0.006700809749537085,0.6666666666666666,0.0
clean,pe_seq,0.3887026986446891,0.448370419683402,1.0,0.0
clean,cf_only,0.0,0.17631646620741923,1.0,388.55555555555554
clean,full_rfl,0.18684289871561413,0.3288065159695291,1.0,94.58888888888889
clean,oracle_upper,0.0,0.17631646620741923,1.0,0.0
symmetric,immediate,0.43012970507329656,0.3300360685955116,0.7333333333333333,0.0
symmetric,pe_seq,0.4546130720335968,0.5039397447777074,1.0,0.0
symmetric,cf_only,0.0,0.17631646620741923,1.0,388.55555555555554
symmetric,full_rfl,0.19756641504538353,0.3274752192141795,1.0,93.22222222222223
symmetric,oracle_upper,0.0,0.17631646620741923,1.0,0.0
clean,immediate,0.16945660505939605,0.006709292598277678,0.6666666666666666,0.0
clean,pe_seq,0.3898009476122948,0.4490902562376505,1.0,0.0
clean,cf_only,0.0,0.1759743847184529,1.0,387.0777777777778
clean,full_rfl,0.18659630941688796,0.3270330040412363,1.0,92.93333333333334
clean,oracle_upper,0.0,0.1759743847184529,1.0,0.0
symmetric,immediate,0.44604628540989844,0.3553277747430903,0.7111111111111111,0.0
symmetric,pe_seq,0.46838625150002666,0.5130704799498735,1.0,0.0
symmetric,cf_only,0.0,0.1759743847184529,1.0,387.0777777777778
symmetric,full_rfl,0.20023086687908773,0.3266727783302196,1.0,89.92222222222222
symmetric,oracle_upper,0.0,0.1759743847184529,1.0,0.0
clean,immediate,0.16903461219023733,0.006160461468213219,0.6666666666666666,0.0
clean,pe_seq,0.38960841958934905,0.44807160191625783,1.0,0.0
clean,cf_only,0.0,0.17542636809115844,1.0,387.72222222222223
clean,full_rfl,0.18707449690582492,0.32852554782034243,1.0,94.16666666666667
clean,oracle_upper,0.0,0.17542636809115844,1.0,0.0
symmetric,immediate,0.4686022450518528,0.33469135454993226,0.6888888888888889,0.0
symmetric,pe_seq,0.45950433720513534,0.504542229534334,1.0,0.0
symmetric,cf_only,0.0,0.17542636809115844,1.0,387.72222222222223
symmetric,full_rfl,0.19768842642482468,0.3260596241254776,1.0,93.24444444444444
symmetric,oracle_upper,0.0,0.17542636809115844,1.0,0.0
clean,immediate,0.16949495693617192,0.006765085381303465,0.6666666666666666,0.0
clean,pe_seq,0.39130158300513296,0.4504983968406691,1.0,0.0
clean,cf_only,0.0,0.17595376874054894,1.0,385.9555555555556
clean,full_rfl,0.18567605975676732,0.3233124653561231,1.0,90.41111111111111
clean,oracle_upper,0.0,0.17595376874054894,1.0,0.0
symmetric,immediate,0.39030691041305776,0.2865579762358864,0.6888888888888889,0.0
symmetric,pe_seq,0.4692263154922092,0.5080338485569266,1.0,0.0
symmetric,cf_only,0.0,0.17595376874054894,1.0,385.9555555555556
symmetric,full_rfl,0.19212116249052513,0.318092726214256,1.0,91.21111111111111
symmetric,oracle_upper,0.0,0.17595376874054894,1.0,0.0
clean,immediate,0.16973644789827805,0.007129056856600674,0.6666666666666666,0.0
clean,pe_seq,0.39017256931778765,0.4497104319008363,1.0,0.0
clean,cf_only,0.0,0.17643492171964398,1.0,387.2
clean,full_rfl,0.1859106267334052,0.3272654237990224,1.0,92.9888888888889
clean,oracle_upper,0.0,0.17643492171964398,1.0,0.0
symmetric,immediate,0.506259063155501,0.38638404426464046,0.6666666666666666,0.0
symmetric,pe_seq,0.46515160247361537,0.5047470750456714,1.0,0.0
symmetric,cf_only,0.0,0.17643492171964398,1.0,387.2
symmetric,full_rfl,0.19808746233537408,0.329749574237318,1.0,95.8
symmetric,oracle_upper,0.0,0.17643492171964398,1.0,0.0
clean,immediate,0.1699004801410581,0.007375972736839704,0.6666666666666666,0.0
clean,pe_seq,0.3897149153049543,0.44944482667146146,1.0,0.0
clean,cf_only,0.0,0.17717393178378005,1.0,388.3666666666667
clean,full_rfl,0.18715592419826013,0.32912721568579056,1.0,95.12222222222222
clean,oracle_upper,0.0,0.17717393178378005,1.0,0.0
symmetric,immediate,0.45143097898152107,0.312194864243466,0.6666666666666666,0.0
symmetric,pe_seq,0.4668549510586662,0.506056032426367,1.0,0.0
symmetric,cf_only,0.0,0.17717393178378005,1.0,388.3666666666667
symmetric,full_rfl,0.19848394918728332,0.32879119471085666,1.0,95.41111111111111
symmetric,oracle_upper,0.0,0.17717393178378005,1.0,0.0
clean,immediate,0.17043245775212348,0.008173939153437792,0.6666666666666666,0.0
clean,pe_seq,0.3926527909291782,0.45249808397622604,1.0,0.0
clean,cf_only,0.0,0.17754121721086516,1.0,387.0
clean,full_rfl,0.18627771270224175,0.3300673856265879,1.0,94.92222222222222
clean,oracle_upper,0.0,0.17754121721086516,1.0,0.0
symmetric,immediate,0.43660548234109864,0.3583117717853816,0.7555555555555555,0.0
symmetric,pe_seq,0.4598638839027715,0.49938462194519595,1.0,0.0
symmetric,cf_only,0.0,0.17754121721086516,1.0,387.0
symmetric,full_rfl,0.19624357832936729,0.325133428513533,1.0,93.9888888888889
symmetric,oracle_upper,0.0,0.17754121721086516,1.0,0.0
clean,immediate,0.16936672858874355,0.006574477892298924,0.6666666666666666,0.0
clean,pe_seq,0.38959513068938556,0.4482623095380172,1.0,0.0
clean,cf_only,0.0,0.17606254436342256,1.0,388.18888888888887
clean,full_rfl,0.18608462744732676,0.3270353701604875,1.0,92.82222222222222
clean,oracle_upper,0.0,0.17606254436342256,1.0,0.0
symmetric,immediate,0.44081022588597024,0.30231657097490966,0.6888888888888889,0.0
symmetric,pe_seq,0.4598621887383381,0.501373712593581,1.0,0.0
symmetric,cf_only,0.0,0.17606254436342256,1.0,388.18888888888887
symmetric,full_rfl,0.19844078096674903,0.3261357846523036,1.0,91.28888888888889
symmetric,oracle_upper,0.0,0.17606254436342256,1.0,0.0
clean,immediate,0.16953316251857178,0.006824128787041256,0.6666666666666666,0.0
clean,pe_seq,0.38754585463677405,0.4468812582804657,1.0,0.0
clean,cf_only,0.0,0.1766912176587811,1.0,388.72222222222223
clean,full_rfl,0.18695411211464166,0.3266655547564228,1.0,93.18888888888888
clean,oracle_upper,0.0,0.1766912176587811,1.0,0.0
symmetric,immediate,0.49497089083105805,0.3974063486673514,0.6888888888888889,0.0
symmetric,pe_seq,0.47304848669265154,0.5116083620692233,1.0,0.0
symmetric,cf_only,0.0,0.1766912176587811,1.0,388.72222222222223
symmetric,full_rfl,0.19658570937134678,0.323015689748091,1.0,90.14444444444445
symmetric,oracle_upper,0.0,0.1766912176587811,1.0,0.0
clean,immediate,0.1701596309827555,0.00793041279852611,0.6666666666666666,0.0
clean,pe_seq,0.39079544932395655,0.4508151776130682,1.0,0.0
clean,cf_only,0.0,0.1776628989414579,1.0,387.25555555555553
clean,full_rfl,0.18633343379136474,0.3278063342495058,1.0,93.46666666666667
clean,oracle_upper,0.0,0.1776628989414579,1.0,0.0
symmetric,immediate,0.4402019296055744,0.3058652414861523,0.6444444444444445,0.0
symmetric,pe_seq,0.4603749568758551,0.498669311346081,1.0,0.0
symmetric,cf_only,0.0,0.1776628989414579,1.0,387.25555555555553
symmetric,full_rfl,0.20405846447375922,0.33139384790871684,1.0,93.3
symmetric,oracle_upper,0.0,0.1776628989414579,1.0,0.0
clean,immediate,0.17043495204091524,0.008176813070556437,0.6666666666666666,0.0
clean,pe_seq,0.39233279074632826,0.45248811795541277,1.0,0.0
clean,cf_only,0.0,0.17742476650672473,1.0,386.0777777777778
clean,full_rfl,0.18607637898013468,0.32781234728921005,1.0,93.68888888888888
clean,oracle_upper,0.0,0.17742476650672473,1.0,0.0
symmetric,immediate,0.47460754745785033,0.4074834351906335,0.7444444444444445,0.0
symmetric,pe_seq,0.46457456012496434,0.5081976330362755,1.0,0.0
symmetric,cf_only,0.0,0.17742476650672473,1.0,386.0777777777778
symmetric,full_rfl,0.19791097204546307,0.3307973842210376,1.0,94.27777777777777
symmetric,oracle_upper,0.0,0.17742476650672473,1.0,0.0
