status,config_path,canonical_config_hash,stage,seed_index,configured_seed_base,planned_seed
planned,configs\v02_pilot.yaml,6944ef632b5c61393a71e0d83a055937342efbcc49f0dd8b8b65ccf9dd0dff3d,A-attribution,0,2100000,2100000
planned,configs\v02_pilot.yaml,6944ef632b5c61393a71e0d83a055937342efbcc49f0dd8b8b65ccf9dd0dff3d,A-attribution,1,2100000,2100001
planned,configs\v02_pilot.yaml,6944ef632b5c61393a71e0d83a055937342efbcc49f0dd8b8b65ccf9dd0dff3d,A-attribution,2,2100000,2100002
planned,configs\v02_pilot.yaml,6944ef632b5c61393a71e0d83a055937342efbcc49f0dd8b8b65ccf9dd0dff3d,A-attribution,3,2100000,2100003
planned,configs\v02_pilot.yaml,6944ef632b5c61393a71e0d83a055937342efbcc49f0dd8b8b65ccf9dd0dff3d,A-attribution,4,2100000,2100004
planned,configs\v02_pilot.yaml,6944ef632b5c61393a71e0d83a055937342efbcc49f0dd8b8b65ccf9dd0dff3d,A-attribution,5,2100000,2100005
planned,configs\v02_pilot.yaml,6944ef632b5c61393a71e0d83a055937342efbcc49f0dd8b8b65ccf9dd0dff3d,A-attribution,6,2100000,2100006
planned,configs\v02_pilot.yaml,6944ef632b5c61393a71e0d83a055937342efbcc49f0dd8b8b65ccf9dd0dff3d,A-attribution,7,2100000,2100007
planned,configs\v02_pilot.yaml,6944ef632b5c61393a71e0d83a055937342efbcc49f0dd8b8b65ccf9dd0dff3d,A-attribution,8,2100000,2100008
planned,configs\v02_pilot.yaml,6944ef632b5c61393a71e0d83a055937342efbcc49f0dd8b8b65ccf9dd0dff3d,A-attribution,9,2100000,2100009
planned,configs\v02_pilot.yaml,6944ef632b5c61393a71e0d83a055937342efbcc49f0dd8b8b65ccf9dd0dff3d,A-attribution,10,2100000,2100010
planned,configs\v02_pilot.yaml,6944ef632b5c61393a71e0d83a055937342efbcc49f0dd8b8b65ccf9dd0dff3d,A-attribution,11,2100000,2100011
planned,configs\v02_pilot.yaml,6944ef632b5c61393a71e0d83a055937342efbcc49f0dd8b8b65ccf9dd0dff3d,A-update,0,2100000,2100000
planned,configs\v02_pilot.yaml,6944ef632b5c61393a71e0d83a055937342efbcc49f0dd8b8b65ccf9dd0dff3d,A-update,1,2100000,2100001
planned,configs\v02_pilot.yaml,6944ef632b5c61393a71e0d83a055937342efbcc49f0dd8b8b65ccf9dd0dff3d,A-update,2,2100000,2100002
planned,configs\v02_pilot.yaml,6944ef632b5c61393a71e0d83a055937342efbcc49f0dd8b8b65ccf9dd0dff3d,A-update,3,2100000,2100003
planned,configs\v02_pilot.yaml,6944ef632b5c61393a71e0d83a055937342efbcc49f0dd8b8b65ccf9dd0dff3d,A-update,4,2100000,2100004
planned,configs\v02_pilot.yaml,6944ef632b5c61393a71e0d83a055937342efbcc49f0dd8b8b65ccf9dd0dff3d,A-update,5,2100000,2100005
planned,configs\v02_pilot.yaml,6944ef632b5c61393a71e0d83a055937342efbcc49f0dd8b8b65ccf9dd0dff3d,A-update,6,2100000,2100006
planned,configs\v02_pilot.yaml,6944ef632b5c61393a71e0d83a055937342efbcc49f0dd8b8b65ccf9dd0dff3d,A-update,7,2100000,2100007
planned,configs\v02_pilot.yaml,6944ef632b5c61393a71e0d83a055937342efbcc49f0dd8b8b65ccf9dd0dff3d,A-update,8,2100000,2100008
planned,configs\v02_pilot.yaml,6944ef632b5c61393a71e0d83a055937342efbcc49f0dd8b8b65ccf9dd0dff3d,A-update,9,2100000,2100009
planned,configs\v02_pilot.yaml,6944ef632b5c61393a71e0d83a055937342efbcc49f0dd8b8b65ccf9dd0dff3d,A-update,10,2100000,2100010
planned,configs\v02_pilot.yaml,6944ef632b5c61393a71e0d83a055937342efbcc49f0dd8b8b65ccf9dd0dff3d,A-update,11,2100000,2100011
planned,configs\v02_pilot.yaml,6944ef632b5c61393a71e0d83a055937342efbcc49f0dd8b8b65ccf9dd0dff3d,B-transfer,0,2100000,2100000
planned,configs\v02_pilot.yaml,6944ef632b5c61393a71e0d83a055937342efbcc49f0dd8b8b65ccf9dd0dff3d,B-transfer,1,2100000,2100001
planned,configs\v02_pilot.yaml,6944ef632b5c61393a71e0d83a055937342efbcc49f0dd8b8b65ccf9dd0dff3d,B-transfer,2,2100000,2100002
planned,configs\v02_pilot.yaml,6944ef632b5c61393a71e0d83a055937342efbcc49f0dd8b8b65ccf9dd0dff3d,B-transfer,3,2100000,2100003
planned,configs\v02_pilot.yaml,6944ef632b5c61393a71e0d83a055937342efbcc49f0dd8b8b65ccf9dd0dff3d,B-transfer,4,2100000,2100004
planned,configs\v02_pilot.yaml,6944ef632b5c61393a71e0d83a055937342efbcc49f0dd8b8b65ccf9dd0dff3d,B-transfer,5,2100000,2100005
planned,configs\v02_pilot.yaml,6944ef632b5c61393a71e0d83a055937342efbcc49f0dd8b8b65ccf9dd0dff3d,B-transfer,6,2100000,2100006
planned,configs\v02_pilot.yaml,6944ef632b5c61393a71e0d83a055937342efbcc49f0dd8b8b65ccf9dd0dff3d,B-transfer,7,2100000,2100007
planned,configs\v02_pilot.yaml,6944ef632b5c61393a71e0d83a055937342efbcc49f0dd8b8b65ccf9dd0dff3d,B-transfer,8,2100000,2100008
planned,configs\v02_pilot.yaml,6944ef632b5c61393a71e0d83a055937342efbcc49f0dd8b8b65ccf9dd0dff3d,B-transfer,9,2100000,2100009
planned,configs\v02_pilot.yaml,6944ef632b5c61393a71e0d83a055937342efbcc49f0dd8b8b65ccf9dd0dff3d,B-transfer,10,2100000,2100010
planned,configs\v02_pilot.yaml,6944ef632b5c61393a71e0d83a055937342efbcc49f0dd8b8b65ccf9dd0dff3d,B-transfer,11,2100000,2100011
planned,configs\v02_pilot.yaml,6944ef632b5c61393a71e0d83a055937342efbcc49f0dd8b8b65ccf9dd0dff3d,B-online,0,2100000,2100000
planned,configs\v02_pilot.yaml,6944ef632b5c61393a71e0d83a055937342efbcc49f0dd8b8b65ccf9dd0dff3d,B-online,1,2100000,2100001
planned,configs\v02_pilot.yaml,6944ef632b5c61393a71e0d83a055937342efbcc49f0dd8b8b65ccf9dd0dff3d,B-online,2,2100000,2100002
planned,configs\v02_pilot.yaml,6944ef632b5c61393a71e0d83a055937342efbcc49f0dd8b8b65ccf9dd0dff3d,B-online,3,2100000,2100003
planned,configs\v02_pilot.yaml,6944ef632b5c61393a71e0d83a055937342efbcc49f0dd8b8b65ccf9dd0dff3d,B-online,4,2100000,2100004
planned,configs\v02_pilot.yaml,6944ef632b5c61393a71e0d83a055937342efbcc49f0dd8b8b65ccf9dd0dff3d,B-online,5,2100000,2100005
planned,configs\v02_pilot.yaml,6944ef632b5c61393a71e0d83a055937342efbcc49f0dd8b8b65ccf9dd0dff3d,B-online,6,2100000,2100006
planned,configs\v02_pilot.yaml,6944ef632b5c61393a71e0d83a055937342efbcc49f0dd8b8b65ccf9dd0dff3d,B-online,7,2100000,2100007
planned,configs\v02_pilot.yaml,6944ef632b5c61393a71e0d83a055937342efbcc49f0dd8b8b65ccf9dd0dff3d,B-online,8,2100000,2100008
planned,configs\v02_pilot.yaml,6944ef632b5c61393a71e0d83a055937342efbcc49f0dd8b8b65ccf9dd0dff3d,B-online,9,2100000,2100009
planned,configs\v02_pilot.yaml,6944ef632b5c61393a71e0d83a055937342efbcc49f0dd8b8b65ccf9dd0dff3d,B-online,10,2100000,2100010
planned,configs\v02_pilot.yaml,6944ef632b5c61393a71e0d83a055937342efbcc49f0dd8b8b65ccf9dd0dff3d,B-online,11,2100000,2100011
