run_id,seed_idx,condition,algorithm,n_scenarios,ae_mean,ae_sd,wur_mean,wur_sd,coverage,wrong_update_rate,ffcr,abstention_rate,cf_transitions_mean,n_false_feedback
A-v02_attribution-20260830-125943,0,clean,immediate,90,0.16894723000837658,0.23178344401388787,0.006028520679353111,0.007942657845931077,0.6666666666666666,0.0,,0.0,0.0,0
A-v02_attribution-20260830-125943,0,clean,pe_seq,90,0.38912999199370396,0.11297622618674724,0.4476309991113112,0.2115686395293027,1.0,0.3333333333333333,,0.0,0.0,0
A-v02_attribution-20260830-125943,0,clean,cf_only,90,0.0,0.0,0.1753980770319877,0.23476069565025642,1.0,0.3333333333333333,,0.0,387.73333333333335,0
A-v02_attribution-20260830-125943,0,clean,full_rfl,90,0.18638371882334168,0.21674342377322342,0.326423566934021,0.42762617867954594,1.0,0.3333333333333333,,0.0,92.82222222222222,0
A-v02_attribution-20260830-125943,0,clean,oracle_upper,90,0.0,0.0,0.1753980770319877,0.23476069565025642,1.0,0.3333333333333333,,0.0,0.0,0
A-v02_attribution-20260830-125943,0,symmetric,immediate,90,0.44504539859606906,0.41662227356065756,0.34148308188052245,0.43763934003519206,0.6888888888888889,0.4032258064516129,1.0,0.0,0.0,35
A-v02_attribution-20260830-125943,0,symmetric,pe_seq,90,0.45922090881735517,0.16241300366549444,0.5003141298944661,0.2002591278939938,1.0,0.45555555555555555,0.9722222222222222,0.0,0.0,36
A-v02_attribution-20260830-125943,0,symmetric,cf_only,90,0.0,0.0,0.1753980770319877,0.23476069565025642,1.0,0.3333333333333333,0.0,0.0,387.73333333333335,25
A-v02_attribution-20260830-125943,0,symmetric,full_rfl,90,0.19829445238426907,0.2134026944746513,0.32633777489077254,0.41670340699814606,1.0,0.3333333333333333,0.09375,0.0,90.35555555555555,32
A-v02_attribution-20260830-125943,0,symmetric,oracle_upper,90,0.0,0.0,0.1753980770319877,0.23476069565025642,1.0,0.3333333333333333,0.0,0.0,0.0,36
A-v02_attribution-20260830-125943,1,clean,immediate,90,0.17047662339671174,0.23089802708655818,0.008238452588182187,0.010982780079684791,0.6666666666666666,0.0,,0.0,0.0,0
A-v02_attribution-20260830-125943,1,clean,pe_seq,90,0.3887350362418313,0.11258733729911424,0.44933411039701526,0.21092016887290324,1.0,0.3333333333333333,,0.0,0.0,0
A-v02_attribution-20260830-125943,1,clean,cf_only,90,0.0,0.0,0.17805683590345028,0.23305606453751423,1.0,0.3333333333333333,,0.0,387.5,0
A-v02_attribution-20260830-125943,1,clean,full_rfl,90,0.18623051850925615,0.21650358246444204,0.3260062465198187,0.42431288064322503,1.0,0.3333333333333333,,0.0,91.58888888888889,0
A-v02_attribution-20260830-125943,1,clean,oracle_upper,90,0.0,0.0,0.17805683590345028,0.23305606453751423,1.0,0.3333333333333333,,0.0,0.0,0
A-v02_attribution-20260830-125943,1,symmetric,immediate,90,0.4955929795232646,0.42978560080241646,0.36983551824373095,0.4450362017696503,0.6666666666666666,0.43333333333333335,1.0,0.0,0.0,41
A-v02_attribution-20260830-125943,1,symmetric,pe_seq,90,0.43543515893862333,0.14917759979843268,0.47707503230510284,0.20346221150706206,1.0,0.3888888888888889,0.9666666666666667,0.0,0.0,30
A-v02_attribution-20260830-125943,1,symmetric,cf_only,90,0.0,0.0,0.17805683590345028,0.23305606453751423,1.0,0.3333333333333333,0.0,0.0,387.5,32
A-v02_attribution-20260830-125943,1,symmetric,full_rfl,90,0.1959991507164158,0.20748909482145028,0.327091187553493,0.4133504032112496,1.0,0.3333333333333333,0.0,0.0,94.17777777777778,41
A-v02_attribution-20260830-125943,1,symmetric,oracle_upper,90,0.0,0.0,0.17805683590345028,0.23305606453751423,1.0,0.3333333333333333,0.0,0.0,0.0,35
A-v02_attribution-20260830-125943,2,clean,immediate,90,0.17039200901799412,0.23094641258584242,0.008112398536174714,0.010644398220776367,0.6666666666666666,0.0,,0.0,0.0,0
A-v02_attribution-20260830-125943,2,clean,pe_seq,90,0.39073883693532263,0.11365358651370323,0.45078038269928516,0.20964179327274052,1.0,0.3333333333333333,,0.0,0.0,0
A-v02_attribution-20260830-125943,2,clean,cf_only,90,0.0,0.0,0.17779184287681993,0.2331860852079855,1.0,0.3333333333333333,,0.0,387.46666666666664,0
A-v02_attribution-20260830-125943,2,clean,full_rfl,90,0.18636254292347598,0.21687676858181928,0.3278579613533175,0.4268822282490995,1.0,0.3333333333333333,,0.0,93.46666666666667,0
A-v02_attribution-20260830-125943,2,clean,oracle_upper,90,0.0,0.0,0.17779184287681993,0.2331860852079855,1.0,0.3333333333333333,,0.0,0.0,0
A-v02_attribution-20260830-125943,2,symmetric,immediate,90,0.49540695711065036,0.4221145278462836,0.3405910907048339,0.4360242362903951,0.6111111111111112,0.4,1.0,0.0,0.0,39
A-v02_attribution-20260830-125943,2,symmetric,pe_seq,90,0.46304673985631084,0.16352494148112054,0.5047467275546447,0.18839669261887687,1.0,0.4111111111111111,0.8461538461538461,0.0,0.0,39
A-v02_attribution-20260830-125943,2,symmetric,cf_only,90,0.0,0.0,0.17779184287681993,0.2331860852079855,1.0,0.3333333333333333,0.0,0.0,387.46666666666664,39
A-v02_attribution-20260830-125943,2,symmetric,full_rfl,90,0.1949332833947952,0.2118130964012935,0.3262930199251725,0.41599299955579644,1.0,0.3333333333333333,0.034482758620689655,0.0,94.03333333333333,29
A-v02_attribution-20260830-125943,2,symmetric,oracle_upper,90,0.0,0.0,0.17779184287681993,0.2331860852079855,1.0,0.3333333333333333,0.0,0.0,0.0,36
A-v02_attribution-20260830-125943,3,clean,immediate,90,0.17088305215262767,0.23060883118645825,0.008848963238125068,0.011008672700433387,0.6666666666666666,0.0,,0.0,0.0,0
A-v02_attribution-20260830-125943,3,clean,pe_seq,90,0.39184908991926454,0.11404718233222703,0.45263943667556555,0.20772596941939703,1.0,0.3333333333333333,,0.0,0.0,0
A-v02_attribution-20260830-125943,3,clean,cf_only,90,0.0,0.0,0.17840421837854287,0.23276788851006727,1.0,0.3333333333333333,,0.0,386.6,0
A-v02_attribution-20260830-125943,3,clean,full_rfl,90,0.18603536578115643,0.2171360414390192,0.3283838687706275,0.42638883608827716,1.0,0.3333333333333333,,0.0,93.63333333333334,0
A-v02_attribution-20260830-125943,3,clean,oracle_upper,90,0.0,0.0,0.17840421837854287,0.23276788851006727,1.0,0.3333333333333333,,0.0,0.0,0
A-v02_attribution-20260830-125943,3,symmetric,immediate,90,0.5620230835647914,0.42474601207383905,0.4161194402908746,0.47089142636054687,0.5666666666666667,0.45098039215686275,1.0,0.0,0.0,43
A-v02_attribution-20260830-125943,3,symmetric,pe_seq,90,0.46356671216447004,0.15560695299934765,0.504294967257251,0.19804882051109163,1.0,0.4222222222222222,0.9166666666666666,0.0,0.0,36
A-v02_attribution-20260830-125943,3,symmetric,cf_only,90,0.0,0.0,0.17840421837854287,0.23276788851006727,1.0,0.3333333333333333,0.0,0.0,386.6,34
A-v02_attribution-20260830-125943,3,symmetric,full_rfl,90,0.19732867547235936,0.2163267327276737,0.3302524605230754,0.4215932610883631,1.0,0.3333333333333333,0.11538461538461539,0.0,94.86666666666666,26
A-v02_attribution-20260830-125943,3,symmetric,oracle_upper,90,0.0,0.0,0.17840421837854287,0.23276788851006727,1.0,0.3333333333333333,0.0,0.0,0.0,38
A-v02_attribution-20260830-125943,4,clean,immediate,90,0.1699041268270625,0.2312791096941341,0.007381442765846308,0.010218175479751556,0.6666666666666666,0.0,,0.0,0.0,0
A-v02_attribution-20260830-125943,4,clean,pe_seq,90,0.3891332628181454,0.1132640487282552,0.4484716163133533,0.2104897244041946,1.0,0.3333333333333333,,0.0,0.0,0
A-v02_attribution-20260830-125943,4,clean,cf_only,90,0.0,0.0,0.17695441493431702,0.2337497900819201,1.0,0.3333333333333333,,0.0,388.27777777777777,0
A-v02_attribution-20260830-125943,4,clean,full_rfl,90,0.18681552896123013,0.21702085216028924,0.3293523846913446,0.42946850001587633,1.0,0.3333333333333333,,0.0,94.16666666666667,0
A-v02_attribution-20260830-125943,4,clean,oracle_upper,90,0.0,0.0,0.17695441493431702,0.2337497900819201,1.0,0.3333333333333333,,0.0,0.0,0
A-v02_attribution-20260830-125943,4,symmetric,immediate,90,0.42893084739195353,0.4169150472903458,0.24997832387956048,0.4032121224469356,0.6111111111111112,0.2909090909090909,1.0,0.0,0.0,31
A-v02_attribution-20260830-125943,4,symmetric,pe_seq,90,0.4521028059573935,0.15124558781764041,0.49213223153846186,0.19857551940192184,1.0,0.4222222222222222,0.9166666666666666,0.0,0.0,36
A-v02_attribution-20260830-125943,4,symmetric,cf_only,90,0.0,0.0,0.17695441493431702,0.2337497900819201,1.0,0.3333333333333333,0.0,0.0,388.27777777777777,44
A-v02_attribution-20260830-125943,4,symmetric,full_rfl,90,0.20201856577393468,0.21442563075323218,0.3294800618451733,0.42087721229749264,1.0,0.3333333333333333,0.1111111111111111,0.0,92.84444444444445,36
A-v02_attribution-20260830-125943,4,symmetric,oracle_upper,90,0.0,0.0,0.17695441493431702,0.2337497900819201,1.0,0.3333333333333333,0.0,0.0,0.0,39
A-v02_attribution-20260830-125943,5,clean,immediate,90,0.1687867950498479,0.2319149898545816,0.005787868241560074,0.00867968309012475,0.6666666666666666,0.0,,0.0,0.0,0
A-v02_attribution-20260830-125943,5,clean,pe_seq,90,0.3879014298064768,0.11322764550501084,0.44640469504725977,0.21254540027825017,1.0,0.3333333333333333,,0.0,0.0,0
A-v02_attribution-20260830-125943,5,clean,cf_only,90,0.0,0.0,0.17529341053639252,0.23492168879021988,1.0,0.3333333333333333,,0.0,388.24444444444447,0
A-v02_attribution-20260830-125943,5,clean,full_rfl,90,0.1869144299047602,0.21632711619395326,0.3262060315829984,0.4277852911545403,1.0,0.3333333333333333,,0.0,92.71111111111111,0
A-v02_attribution-20260830-125943,5,clean,oracle_upper,90,0.0,0.0,0.17529341053639252,0.23492168879021988,1.0,0.3333333333333333,,0.0,0.0,0
A-v02_attribution-20260830-125943,5,symmetric,immediate,90,0.3952691247121676,0.4168576689741729,0.2838285187257158,0.42185329289432205,0.7111111111111111,0.328125,1.0,0.0,0.0,30
A-v02_attribution-20260830-125943,5,symmetric,pe_seq,90,0.45327987047015383,0.16495112259825856,0.49810144702209214,0.1938887544104576,1.0,0.4222222222222222,0.8378378378378378,0.0,0.0,37
A-v02_attribution-20260830-125943,5,symmetric,cf_only,90,0.0,0.0,0.17529341053639252,0.23492168879021988,1.0,0.3333333333333333,0.0,0.0,388.24444444444447,35
A-v02_attribution-20260830-125943,5,symmetric,full_rfl,90,0.1984436496698674,0.2119144623385363,0.3241550411434265,0.4152189995644449,1.0,0.3333333333333333,0.09375,0.0,88.37777777777778,32
A-v02_attribution-20260830-125943,5,symmetric,oracle_upper,90,0.0,0.0,0.17529341053639252,0.23492168879021988,1.0,0.3333333333333333,0.0,0.0,0.0,33
A-v02_attribution-20260830-125943,6,clean,immediate,90,0.16878928933863968,0.2319203618531316,0.005790742158678719,0.00891475351564227,0.6666666666666666,0.0,,0.0,0.0,0
A-v02_attribution-20260830-125943,6,clean,pe_seq,90,0.38924390012467264,0.11242260281588926,0.4473721925064107,0.21251504297485718,1.0,0.3333333333333333,,0.0,0.0,0
A-v02_attribution-20260830-125943,6,clean,cf_only,90,0.0,0.0,0.17517695983225218,0.23501162256092106,1.0,0.3333333333333333,,0.0,387.1333333333333,0
A-v02_attribution-20260830-125943,6,clean,full_rfl,90,0.18674424779584906,0.21596843930806842,0.324310377671779,0.4254138838275784,1.0,0.3333333333333333,,0.0,91.47777777777777,0
A-v02_attribution-20260830-125943,6,clean,oracle_upper,90,0.0,0.0,0.17517695983225218,0.23501162256092106,1.0,0.3333333333333333,,0.0,0.0,0
A-v02_attribution-20260830-125943,6,symmetric,immediate,90,0.5447690080183517,0.42515145472143506,0.45137233909848656,0.4668000061039675,0.6555555555555556,0.5084745762711864,1.0,0.0,0.0,44
A-v02_attribution-20260830-125943,6,symmetric,pe_seq,90,0.4501177999157695,0.16437025620136414,0.49247142352058293,0.19918654651361808,1.0,0.4111111111111111,0.9090909090909091,0.0,0.0,33
A-v02_attribution-20260830-125943,6,symmetric,cf_only,90,0.0,0.0,0.17517695983225218,0.23501162256092106,1.0,0.3333333333333333,0.0,0.0,387.1333333333333,28
A-v02_attribution-20260830-125943,6,symmetric,full_rfl,90,0.19757787184593956,0.21093733837263948,0.3236589467337515,0.41546797073014213,1.0,0.3333333333333333,0.05263157894736842,0.0,96.03333333333333,38
A-v02_attribution-20260830-125943,6,symmetric,oracle_upper,90,0.0,0.0,0.17517695983225218,0.23501162256092106,1.0,0.3333333333333333,0.0,0.0,0.0,35
A-v02_attribution-20260830-125943,7,clean,immediate,90,0.17017138558379588,0.23093975261818667,0.007865621558551028,0.009074963541670804,0.6666666666666666,0.0,,0.0,0.0,0
A-v02_attribution-20260830-125943,7,clean,pe_seq,90,0.39177993440686565,0.11377115851212218,0.4518633735918012,0.20817993555174844,1.0,0.3333333333333333,,0.0,0.0,0
A-v02_attribution-20260830-125943,7,clean,cf_only,90,0.0,0.0,0.17710340267048275,0.23359624901641485,1.0,0.3333333333333333,,0.0,387.0111111111111,0
A-v02_attribution-20260830-125943,7,clean,full_rfl,90,0.18575575052081797,0.21776610187806447,0.32996734262414534,0.429271824084769,1.0,0.3333333333333333,,0.0,94.44444444444444,0
A-v02_attribution-20260830-125943,7,clean,oracle_upper,90,0.0,0.0,0.17710340267048275,0.23359624901641485,1.0,0.3333333333333333,,0.0,0.0,0
A-v02_attribution-20260830-125943,7,symmetric,immediate,90,0.5345580403972955,0.4179658967456575,0.35510404236524734,0.43795948161309156,0.5555555555555556,0.42,1.0,0.0,0.0,42
A-v02_attribution-20260830-125943,7,symmetric,pe_seq,90,0.4436617678492322,0.14910874693540183,0.48634655423404943,0.19653627222118392,1.0,0.37777777777777777,0.8928571428571429,0.0,0.0,28
A-v02_attribution-20260830-125943,7,symmetric,cf_only,90,0.0,0.0,0.17710340267048275,0.23359624901641485,1.0,0.3333333333333333,0.0,0.0,387.0111111111111,43
A-v02_attribution-20260830-125943,7,symmetric,full_rfl,90,0.1986020793450096,0.21588366936020953,0.3295500884850169,0.41839334194386235,1.0,0.3333333333333333,0.10810810810810811,0.0,92.5,37
A-v02_attribution-20260830-125943,7,symmetric,oracle_upper,90,0.0,0.0,0.17710340267048275,0.23359624901641485,1.0,0.3333333333333333,0.0,0.0,0.0,39
A-v02_attribution-20260830-125943,8,clean,immediate,90,0.16990278922636273,0.23127537903654152,0.007378568848727662,0.010014213722817375,0.6666666666666666,0.0,,0.0,0.0,0
A-v02_attribution-20260830-125943,8,clean,pe_seq,90,0.38838790347600416,0.11287436234579618,0.44819614090682763,0.21113692094431014,1.0,0.3333333333333333,,0.0,0.0,0
A-v02_attribution-20260830-125943,8,clean,cf_only,90,0.0,0.0,0.17706970895036542,0.2336568331112547,1.0,0.3333333333333333,,0.0,388.1111111111111,0
A-v02_attribution-20260830-125943,8,clean,full_rfl,90,0.1864833258933256,0.21677236220359858,0.327353481283799,0.4270615502305419,1.0,0.3333333333333333,,0.0,92.82222222222222,0
A-v02_attribution-20260830-125943,8,clean,oracle_upper,90,0.0,0.0,0.17706970895036542,0.2336568331112547,1.0,0.3333333333333333,,0.0,0.0,0
A-v02_attribution-20260830-125943,8,symmetric,immediate,90,0.4136524749512379,0.40969961233395374,0.22920870898827655,0.3757187582481683,0.6222222222222222,0.2857142857142857,1.0,0.0,0.0,31
A-v02_attribution-20260830-125943,8,symmetric,pe_seq,90,0.44463427844441406,0.16002866901963203,0.485751179836581,0.19521925903076842,1.0,0.4,0.9142857142857143,0.0,0.0,35
A-v02_attribution-20260830-125943,8,symmetric,cf_only,90,0.0,0.0,0.17706970895036542,0.2336568331112547,1.0,0.3333333333333333,0.0,0.0,388.1111111111111,30
A-v02_attribution-20260830-125943,8,symmetric,full_rfl,90,0.20046319768914397,0.21579194058142337,0.3254295169856082,0.41656840115522803,1.0,0.3333333333333333,0.13157894736842105,0.0,91.76666666666667,38
A-v02_attribution-20260830-125943,8,symmetric,oracle_upper,90,0.0,0.0,0.17706970895036542,0.2336568331112547,1.0,0.3333333333333333,0.0,0.0,0.0,33
A-v02_attribution-20260830-125943,9,clean,immediate,90,0.16953748015036577,0.23153291482619967,0.006829737718663203,0.009898606396820421,0.6666666666666666,0.0,,0.0,0.0,0
A-v02_attribution-20260830-125943,9,clean,pe_seq,90,0.38860242524214256,0.11263996935864438,0.4476873434655929,0.21254710364117738,1.0,0.3333333333333333,,0.0,0.0,0
A-v02_attribution-20260830-125943,9,clean,cf_only,90,0.0,0.0,0.17646500852990918,0.23408075653640037,1.0,0.3333333333333333,,0.0,387.5777777777778,0
A-v02_attribution-20260830-125943,9,clean,full_rfl,90,0.18662448170792062,0.21618251097473637,0.32509531487763194,0.4251076270506643,1.0,0.3333333333333333,,0.0,91.47777777777777,0
A-v02_attribution-20260830-125943,9,clean,oracle_upper,90,0.0,0.0,0.17646500852990918,0.23408075653640037,1.0,0.3333333333333333,,0.0,0.0,0
A-v02_attribution-20260830-125943,9,symmetric,immediate,90,0.4674083588339673,0.4250416437182238,0.3451361552658513,0.459168882885472,0.6333333333333333,0.3684210526315789,1.0,0.0,0.0,33
A-v02_attribution-20260830-125943,9,symmetric,pe_seq,90,0.4428052348838865,0.15217377299600268,0.4850025654312954,0.19953715126621088,1.0,0.3888888888888889,0.8709677419354839,0.0,0.0,31
A-v02_attribution-20260830-125943,9,symmetric,cf_only,90,0.0,0.0,0.17646500852990918,0.23408075653640037,1.0,0.3333333333333333,0.0,0.0,387.5777777777778,42
A-v02_attribution-20260830-125943,9,symmetric,full_rfl,90,0.1976923666567846,0.20476905141427917,0.3210158092699561,0.4083818117841046,1.0,0.3333333333333333,0.0,0.0,90.44444444444444,41
A-v02_attribution-20260830-125943,9,symmetric,oracle_upper,90,0.0,0.0,0.17646500852990918,0.23408075653640037,1.0,0.3333333333333333,0.0,0.0,0.0,37
A-v02_attribution-20260830-125943,10,clean,immediate,90,0.16904719627238596,0.23186917327090517,0.006096046933831495,0.009550073165556984,0.6666666666666666,0.0,,0.0,0.0,0
A-v02_attribution-20260830-125943,10,clean,pe_seq,90,0.3870580297225098,0.11282147400201185,0.4458219991894819,0.2129982491341783,1.0,0.3333333333333333,,0.0,0.0,0
A-v02_attribution-20260830-125943,10,clean,cf_only,90,0.0,0.0,0.17573791735618383,0.23458433308251955,1.0,0.3333333333333333,,0.0,389.1111111111111,0
A-v02_attribution-20260830-125943,10,clean,full_rfl,90,0.18741219747497517,0.2165556296091283,0.32841907521762337,0.43020952910732463,1.0,0.3333333333333333,,0.0,93.94444444444444,0
A-v02_attribution-20260830-125943,10,clean,oracle_upper,90,0.0,0.0,0.17573791735618383,0.23458433308251955,1.0,0.3333333333333333,,0.0,0.0,0
A-v02_attribution-20260830-125943,10,symmetric,immediate,90,0.4391725950235609,0.4186953246353782,0.35355387507503194,0.44673529568411324,0.7111111111111111,0.40625,1.0,0.0,0.0,34
A-v02_attribution-20260830-125943,10,symmetric,pe_seq,90,0.461359801841648,0.16486414187096626,0.5105245062800177,0.1903830781774671,1.0,0.4222222222222222,0.717948717948718,0.0,0.0,39
A-v02_attribution-20260830-125943,10,symmetric,cf_only,90,0.0,0.0,0.17573791735618383,0.23458433308251955,1.0,0.3333333333333333,0.0,0.0,389.1111111111111,44
A-v02_attribution-20260830-125943,10,symmetric,full_rfl,90,0.19732760833458304,0.21468641969837549,0.32767151346703455,0.4216628159110487,1.0,0.3333333333333333,0.1111111111111111,0.0,92.9,27
A-v02_attribution-20260830-125943,10,symmetric,oracle_upper,90,0.0,0.0,0.17573791735618383,0.23458433308251955,1.0,0.3333333333333333,0.0,0.0,0.0,42
A-v02_attribution-20260830-125943,11,clean,immediate,90,0.16887510711006398,0.23193381668823998,0.00583791319034857,0.0071313292784858,0.6666666666666666,0.0,,0.0,0.0,0
A-v02_attribution-20260830-125943,11,clean,pe_seq,90,0.38656735014475513,0.11356335636880693,0.4451334963172504,0.21250329721979747,1.0,0.3333333333333333,,0.0,0.0,0
A-v02_attribution-20260830-125943,11,clean,cf_only,90,0.0,0.0,0.17545074720574558,0.23457940992657195,1.0,0.3333333333333333,,0.0,389.46666666666664,0
A-v02_attribution-20260830-125943,11,clean,full_rfl,90,0.1866490303728422,0.21714518659044527,0.3280266522033217,0.43000976362770044,1.0,0.3333333333333333,,0.0,93.94444444444444,0
A-v02_attribution-20260830-125943,11,clean,oracle_upper,90,0.0,0.0,0.17545074720574558,0.23457940992657195,1.0,0.3333333333333333,,0.0,0.0,0
A-v02_attribution-20260830-125943,11,symmetric,immediate,90,0.4575488944614122,0.4376512095865411,0.36563328367780246,0.4600626162237579,0.7222222222222222,0.4,1.0,0.0,0.0,36
A-v02_attribution-20260830-125943,11,symmetric,pe_seq,90,0.4562256888848727,0.16827659916826065,0.49555277088252736,0.19569314497426646,1.0,0.37777777777777777,0.8333333333333334,0.0,0.0,36
A-v02_attribution-20260830-125943,11,symmetric,cf_only,90,0.0,0.0,0.17545074720574558,0.23457940992657195,1.0,0.3333333333333333,0.0,0.0,389.46666666666664,36
A-v02_attribution-20260830-125943,11,symmetric,full_rfl,90,0.1970135083348383,0.21142701255896562,0.3245029878719724,0.4171278488521681,1.0,0.3333333333333333,0.05555555555555555,0.0,92.62222222222222,36
A-v02_attribution-20260830-125943,11,symmetric,oracle_upper,90,0.0,0.0,0.17545074720574558,0.23457940992657195,1.0,0.3333333333333333,0.0,0.0,0.0,38
